,Accuracy,Precision,Recall,F1 score
Logistic Regression,0.7799043062200957,0.7910447761194029,0.6235294117647059,0.6973684210526315
Random Forest,0.7703349282296651,0.7126436781609196,0.7294117647058823,0.7209302325581395
Support Vector Classifier,0.7559808612440191,0.7428571428571429,0.611764705882353,0.6709677419354839
