,MSE,R2
Linear Regression,0.4600779328636938,0.4027878319385436
Ridge Regression,0.4606193141760883,0.4020850825036585
Lasso regression,0.4937866134477501,0.3590316924323709
Random Forest Regressor,0.6825927162838399,0.11394864461885656
